<provincia id="Sevilla">
	<municipio value="alanis-id41002">Alanís</municipio>
	<municipio value="albaida-del-aljarafe-id41003">Albaida del Aljarafe</municipio>
	<municipio value="alcala-de-guadaira-id41004">Alcalá de Guadaíra</municipio>
	<municipio value="alcala-del-rio-id41005">Alcalá del Río</municipio>
	<municipio value="alcolea-del-rio-id41006">Alcolea del Río</municipio>
	<municipio value="algaba-la-id41007">Algaba, La</municipio>
	<municipio value="algamitas-id41008">Algámitas</municipio>
	<municipio value="almaden-de-la-plata-id41009">Almadén de la Plata</municipio>
	<municipio value="almensilla-id41010">Almensilla</municipio>
	<municipio value="arahal-id41011">Arahal</municipio>
	<municipio value="aznalcazar-id41012">Aznalcázar</municipio>
	<municipio value="aznalcollar-id41013">Aznalcóllar</municipio>
	<municipio value="badolatosa-id41014">Badolatosa</municipio>
	<municipio value="benacazon-id41015">Benacazón</municipio>
	<municipio value="bollullos-de-la-mitacion-id41016">Bollullos de la Mitación</municipio>
	<municipio value="bormujos-id41017">Bormujos</municipio>
	<municipio value="brenes-id41018">Brenes</municipio>
	<municipio value="burguillos-id41019">Burguillos</municipio>
	<municipio value="cabezas-de-san-juan-las-id41020">Cabezas de San Juan, Las</municipio>
	<municipio value="camas-id41021">Camas</municipio>
	<municipio value="campana-la-id41022">Campana, La</municipio>
	<municipio value="cantillana-id41023">Cantillana</municipio>
	<municipio value="canada-rosal-id41901">Cañada Rosal</municipio>
	<municipio value="carmona-id41024">Carmona</municipio>
	<municipio value="carrion-de-los-cespedes-id41025">Carrión de los Céspedes</municipio>
	<municipio value="casariche-id41026">Casariche</municipio>
	<municipio value="castilblanco-de-los-arroyos-id41027">Castilblanco de los Arroyos</municipio>
	<municipio value="castilleja-de-guzman-id41028">Castilleja de Guzmán</municipio>
	<municipio value="castilleja-de-la-cuesta-id41029">Castilleja de la Cuesta</municipio>
	<municipio value="castilleja-del-campo-id41030">Castilleja del Campo</municipio>
	<municipio value="castillo-de-las-guardas-el-id41031">Castillo de las Guardas, El</municipio>
	<municipio value="cazalla-de-la-sierra-id41032">Cazalla de la Sierra</municipio>
	<municipio value="constantina-id41033">Constantina</municipio>
	<municipio value="coria-del-rio-id41034">Coria del Río</municipio>
	<municipio value="coripe-id41035">Coripe</municipio>
	<municipio value="coronil-el-id41036">Coronil, El</municipio>
	<municipio value="corrales-los-id41037">Corrales, Los</municipio>
	<municipio value="cuervo-de-sevilla-el-cuervo-el-id41903">Cuervo de Sevilla, El</municipio>
	<municipio value="dos-hermanas-id41038">Dos Hermanas</municipio>
	<municipio value="ecija-id41039">Écija</municipio>
	<municipio value="espartinas-id41040">Espartinas</municipio>
	<municipio value="estepa-id41041">Estepa</municipio>
	<municipio value="fuentes-de-andalucia-id41042">Fuentes de Andalucía</municipio>
	<municipio value="garrobo-el-id41043">Garrobo, El</municipio>
	<municipio value="gelves-id41044">Gelves</municipio>
	<municipio value="gerena-id41045">Gerena</municipio>
	<municipio value="gilena-id41046">Gilena</municipio>
	<municipio value="gines-id41047">Gines</municipio>
	<municipio value="guadalcanal-id41048">Guadalcanal</municipio>
	<municipio value="guillena-id41049">Guillena</municipio>
	<municipio value="herrera-id41050">Herrera</municipio>
	<municipio value="huevar-del-aljarafe-id41051">Huévar del Aljarafe</municipio>
	<municipio value="isla-mayor-id41902">Isla Mayor</municipio>
	<municipio value="lantejuela-la-id41052">Lantejuela, La</municipio>
	<municipio value="lebrija-id41053">Lebrija</municipio>
	<municipio value="lora-de-estepa-id41054">Lora de Estepa</municipio>
	<municipio value="lora-del-rio-id41055">Lora del Río</municipio>
	<municipio value="luisiana-la-id41056">Luisiana, La</municipio>
	<municipio value="madrono-el-id41057">Madroño, El</municipio>
	<municipio value="mairena-del-alcor-id41058">Mairena del Alcor</municipio>
	<municipio value="mairena-del-aljarafe-id41059">Mairena del Aljarafe</municipio>
	<municipio value="marchena-id41060">Marchena</municipio>
	<municipio value="marinaleda-id41061">Marinaleda</municipio>
	<municipio value="martin-de-la-jara-id41062">Martín de la Jara</municipio>
	<municipio value="molares-los-id41063">Molares, Los</municipio>
	<municipio value="montellano-id41064">Montellano</municipio>
	<municipio value="moron-de-la-frontera-id41065">Morón de la Frontera</municipio>
	<municipio value="navas-de-la-concepcion-las-id41066">Navas de la Concepción, Las</municipio>
	<municipio value="olivares-id41067">Olivares</municipio>
	<municipio value="osuna-id41068">Osuna</municipio>
	<municipio value="palacios-y-villafranca-los-id41069">Palacios y Villafranca, Los</municipio>
	<municipio value="palomares-del-rio-id41070">Palomares del Río</municipio>
	<municipio value="paradas-id41071">Paradas</municipio>
	<municipio value="pedrera-id41072">Pedrera</municipio>
	<municipio value="pedroso-el-id41073">Pedroso, El</municipio>
	<municipio value="penaflor-id41074">Peñaflor</municipio>
	<municipio value="pilas-id41075">Pilas</municipio>
	<municipio value="pruna-id41076">Pruna</municipio>
	<municipio value="puebla-de-cazalla-la-id41077">Puebla de Cazalla, La</municipio>
	<municipio value="puebla-de-los-infantes-la-id41078">Puebla de los Infantes, La</municipio>
	<municipio value="puebla-del-rio-la-id41079">Puebla del Río, La</municipio>
	<municipio value="real-de-la-jara-el-id41080">Real de la Jara, El</municipio>
	<municipio value="rinconada-la-id41081">Rinconada, La</municipio>
	<municipio value="roda-de-andalucia-la-id41082">Roda de Andalucía, La</municipio>
	<municipio value="ronquillo-el-id41083">Ronquillo, El</municipio>
	<municipio value="rubio-el-id41084">Rubio, El</municipio>
	<municipio value="salteras-id41085">Salteras</municipio>
	<municipio value="san-juan-de-aznalfarache-id41086">San Juan de Aznalfarache</municipio>
	<municipio value="sanlucar-la-mayor-id41087">Sanlúcar la Mayor</municipio>
	<municipio value="san-nicolas-del-puerto-id41088">San Nicolás del Puerto</municipio>
	<municipio value="santiponce-id41089">Santiponce</municipio>
	<municipio value="saucejo-el-id41090">Saucejo, El</municipio>
	<municipio value="sevilla-id41091">Sevilla</municipio>
	<municipio value="tocina-id41092">Tocina</municipio>
	<municipio value="tomares-id41093">Tomares</municipio>
	<municipio value="umbrete-id41094">Umbrete</municipio>
	<municipio value="utrera-id41095">Utrera</municipio>
	<municipio value="valencina-de-la-concepcion-id41096">Valencina de la Concepción</municipio>
	<municipio value="villamanrique-de-la-condesa-id41097">Villamanrique de la Condesa</municipio>
	<municipio value="villanueva-del-ariscal-id41098">Villanueva del Ariscal</municipio>
	<municipio value="villanueva-del-rio-y-minas-id41099">Villanueva del Río y Minas</municipio>
	<municipio value="villanueva-de-san-juan-id41100">Villanueva de San Juan</municipio>
	<municipio value="villaverde-del-rio-id41101">Villaverde del Río</municipio>
	<municipio value="viso-del-alcor-el-id41102">Viso del Alcor, El</municipio>
</provincia>